2nd Verse,第二段落,诗歌/咒语结构标识
4th pillar,第四支柱,编号设施名称（可能指支撑结构）
A Study of the Ancients,古代研究录,书名/文献标题
A2 type gears,A2型齿轮,机械部件名称（特殊材质齿轮）
Abedun,阿贝敦[5]|阿贝顿[2],被放逐的贵族角色名[2]|角色名（前文已出现）|人名（要求灵魂钥匙碎片的角色）|角色名（任务发布者）|人名（角色）|角色名（可能为恶魔或相关种族）
Abhaoth,阿巴奥思,关键盟友角色名[4]|关键角色名字（可能为重要人物）[2]|核心角色名，与灵魂钥匙相关的关键人物[2]|神秘角色名字，可能与灵魂钥匙有关[2]|关键角色，被抽取力量的盟友[2]|神秘角色名，多次出现的对话者|神秘存在/角色名|神秘存在/引导者|关键角色名字（可能为被追杀者）
Acid Potions,酸液瓶,物品名称（前文提及）
Adur,阿杜尔,人名（任务相关）[3]|人名[3]|神祇/人物名称（要求与恶魔血结合的角色）[2]|Primarch 名称（紫色要求者）|角色名（要求者）|人名（角色）|原初主宰之一（情感与心志）
Advisor,顾问,NPC角色（提供情报的角色）[3]|职位头衔[2]|角色头衔|职位/头衔（可能对应角色）|角色职位（已出现过）
Air,空气/风之神,元素神之一，可能与游戏世界观中的自然力量相关
alchemy machine,炼金机器,特殊装置名称
Alchemy Machine Instructions,炼金机械说明书,设备操作指南名称
ALLARIA'S FLUTE,艾拉莉亚竖琴,乐器名称（魔法道具）
Altar,祭坛,地点名称（Elzriel的圣所）
Ammo Box,弹药箱,物品名称|物品名称（消耗品）
Ammo types,弹药类型,物品分类（前文提及）
Amulet of Shadows,暗影挂坠[3]|阴影护符,物品名称[2]|装备名称（饰品类）|装备名称
Andrik,安德里克,人名
Anointed Phylactery,圣约封印,特殊物品（前文已出现）
Anum,安努姆,游戏内纪年法中的年份标识
Anum 0,安努零号,章节编号/事件代号
Anum 1106,安努1106年,纪元或事件编号（重复出现）
Arcane Salts,神秘盐类[2]|魔法盐,仪式材料（特殊化学物质）[2]|特殊物品名称
archive,档案馆,地点名称
Armor Amulets,装甲护符,物品名称
Armor Shard,护甲碎片,物品名称，可能为特殊材料
Arva,阿尔瓦,人名（需结合上下文）
Automap,自动地图,游戏功能
AUXILIARY POWER PILLAR,辅助能量柱,关键结构物名称（重复出现）
Axe,斧头,普通名词，但可能指特定物品
Axe key,斧头钥匙,开启特定门锁的道具|特定类型的钥匙，用于开启门锁
AXE MOULD MACHINE,斧头模具机,工业设备名称（制造斧类武器的机械装置）
Axeman,斧战士,角色名（战斗单位）
B.B.,B.B.（可能为角色名）|B.B.（可能为角色名或称号）,未明确身份的说话者，可能代表某个势力|称号/角色名
B.M.,Body Master,头衔/角色名（与Mind Master并列的掌控者）
Bag of Holding,容量袋[4]|储物袋[3],特殊道具（容量扩展）|魔法道具（增加携带容量）|特殊道具（允许携带多个斧头）|魔法物品（可装大量物品）|魔法物品名称（专有道具）|魔法道具，可存放大量物品|物品名称（可存放大量物品）
Bags of Holding,容量袋,物品名称
Baron,男爵[28]|伯爵/领主[2]|男爵/巴伦|伯爵,头衔/人物[5]|头衔/地名（贵族称号，与反派势力相关）[4]|头衔/地名（贵族称号）[2]|头衔/敌对势力领袖[2]|贵族头衔/角色称谓[2]|头目称号（前文已出现）[2]|贵族头衔/角色称谓（游戏内设定）|贵族头衔|头衔/人物称谓（特定领主）|头衔（敌对势力首领）|头衔/角色名（统治者，与尼希尔有利益冲突）|敌对首领/头目（需确认是否为专有名词）|角色/头衔（贸易大师）|头衔/敌对势力领袖（需要击败的目标）|头衔/角色名称|头衔/敌对势力领袖（被追杀的目标）|头衔/角色|贵族头衔或敌对势力领袖|头衔/势力领袖|贵族头衔，可能指特定角色（如Blue Baron）|头衔/角色名（统治者）
Baron's citadel,男爵城堡|伯爵城堡,地点名称（伯爵的要塞）|关键地点（重要据点）
Barracks,兵营[3]|军营[2],地点名称（军事设施）[2]|地图名称|地点名称|关卡名称
Base camp,基地营地,重要据点，多次出现的地点名称
BATH HOUSE GATE POWER,浴室大门供电系统,游戏机制或地点名称
BATH HOUSE OF THE ANCIENTS,古代浴室,地点名称
Bear,熊,可能指角色（受伤的熊）
Bear Warrior,熊战士,角色名[10]|战斗单位名称[4]|特定职业/角色名（已提取）[2]|角色名，战斗单位或玩家职业[2]|特定职业/角色名[2]|NPC职业|角色/职业名称|角色名/战斗单位|人名（角色）|角色名，战斗单位类型|角色名称（冲锋陷阵的战士）|角色名（战斗单位）|人名|NPC职业/角色|角色名/职业称号|职业/角色名|角色名（已出现多次）
Bear Warriors,熊战士,战斗单位|组织/群体名称|组织/角色名
Bears,熊族,敌对生物群体（需确认是否为专有名词）
Bendi,本迪,大地之母（与Psi Crown相关的角色）
Beza,贝扎,人名（队长）|人名
Birth of the Earthborn,大地之子的诞生,章节标题/事件名称
Blacksmith Guild,铁匠公会,组织名称
Blood Gate,血门,防御设施/魔法屏障
Blood key,血钥匙|鲜血钥匙,机关开启道具|道具名称，开启特定门锁的关键物品
Blood Rites,血之仪式,章节标题/书名
bloodletting,献祭仪式,游戏中的特殊事件或仪式名称
Bloodrite,血印,地图名称|组织或术语名称
Bloody Axe,血斧,钥匙类型/武器名
Blue Baron,蓝伯爵[25]|蓝男爵[7],反派头目名字[4]|贵族头衔，可能指某位重要人物[2]|角色名[2]|敌对势力首领（带有颜色修饰的头衔）[2]|贵族称号/角色名（重复出现）[2]|反派头目，与尼瑟莉尔结盟[2]|贵族类NPC，提及召唤场景[2]|头衔/角色名，可能指贵族或统治者|贵族头衔/敌对势力首领|头目称号|贵族头衔/敌方角色名|当前的Icon实体化名称|头衔/角色名，贵族称号|头衔/称号，暗示游戏中存在贵族体系|头衔/角色名（统治者）|重要角色（前文提及）|头衔/角色名，指挥者身份（重复出现）|头衔/角色名，可能为敌方重要人物|头目称号（前文已出现）|敌对势力首领头衔|特定贵族角色，与普通Baron区分|头衔/角色名，指挥者身份|特殊称号/角色名（结合颜色修饰的贵族头衔）
Body Master,身体大师[2]|体术大师,头衔/角色名，与Mind Master并列的掌控者（重复出现）[2]|头衔/角色名，可能指某种力量的掌控者
Boltmag,弹弓魔杖|弹药罐|弹匣魔能器,武器名称|游戏中的物品|武器名称（魔法装备）
BOLTMAG MOULD MACHINE,弹匣模具机,工业设备名称（制造弹匣的机械装置）
Boltmags,穿甲弹夹,弹药类型（前文提及）
Bonebreaker,骨碎者[17]|碎骨者[2]|骨裂者|骨粉碎者,称号或头衔，可能指某个战士角色[2]|称号/角色名（可能指特定战士）[2]|组织/称号（可能指武器或势力）[2]|敌对势力称号（Bear Warrior对Reaver的称呼）[2]|绰号/角色名称（Witch对同伴的戏称）|角色名（可能指特定战士）|角色称号/头衔|人名（角色，来自日志标题）|角色名（可能指武器或人物）|称号/武器名称|角色名/称号（可能指某个战士或组织）|组织名称/武器名称（可能指铁军）|可能指特定敌人或称号|称号/角色名|可能指某个角色名或特殊称号|角色名/战士|战斗称号/角色名（象征破坏力）
book,书籍,游戏内道具名称
Box of Acid Potions,酸液药剂盒,物品名称|特殊道具（批量消耗品）
Box of Toxic Potions,毒药药剂盒|毒药剂盒,物品名称|特殊道具（批量消耗品）
Bracer of the Revenant,亡灵护腕,装备名称|装备名称（特殊道具）
Brazen Bull,青铜牛,地图名称
Breaza,布雷扎[10]|大地之母布雷扎,角色名/任务目标|人名（被保护的个体）|人名（下达命令的角色）|人名（战术指挥者）|大地母亲的称号（与Grand Earth Mother同位）|可能指代势力或种族名称（与冠军称号相关）|角色名（建议询问此人的生命药剂相关知识）|任务目标人物或地点|重要人物，可能是指挥官或盟友|人名（Earth Mother提及的女性角色）|大地之母/重要角色（多次提及）
Brewer Guild,酿酒公会[2]|酿造公会,组织名称|组织名称（行业团体）|组织名称（与酒类相关）
Brother Bernard,伯纳德修士,人物称号+姓名，需上下文确认
BULLET MACHINE,子弹机,机器/设备名称（大写专有名词）
Buried (Instrumental),埋葬（器乐版）,歌曲名
button switches,按钮开关,游戏机制|机制/机关类型
Call of Chaos,混沌召唤,仪式/咒语名称（贯穿文本）
Calmun,卡尔蒙,人名，可能与剧情中的角色相关
Captain Dura,杜拉上尉[3]|队长杜拉[2]|杜拉队长[2]|达拉上尉|杜拉上校,角色名[4]|军官称号/角色名|角色职位与名字|军官职称及人物名|人名（角色）|军事指挥官（Valc势力）
Captain's Log,船长日志,记录事件的日志系统或文件类型
Carpenter Guild,木匠公会|木工公会,组织名称
CASING MACHINE,装填机,机器/设备名称（大写专有名词）
Castes,种姓,社会阶层体系
Cathedral,大教堂,宗教场所，可能涉及剧情关键场景
CENTERAL PLAZA GATE CONTROLS,中央广场闸门控制室,设施名称
Cerberi,刻耳柏瑞|守卫者|三头犬,敌人类型|特殊生物/武器名称，可能指某种恶魔或守卫者|仪式守护生物（可能指某种怪物）
Cerberus,三头犬[2]|刻耳柏洛斯,敌人类型[2]|神话生物/游戏中的守卫者
chapel,礼拜堂,地点名称（特定建筑）
CHAPEL OF THE WORLDLY TRINITY,世俗三位一体教堂,地点名称（特定建筑）
Chapter 2,第二章,章节编号
Chapter 3 - The Basic Crystals,第三章-基础水晶,章节标题
Chapter 7: The Pact,第七章：契约,章节标题
chasecam,追逐镜头,游戏内功能/视角设置
Chieftain Adjunct Lith,酋长助理利思,职位头衔+角色名
CHIEFTAIN ADJUNCT'S OFFICE,酋长助理办公室,设施名称
Chieftain Zura,酋长祖拉[3]|祖拉酋长,敌对势力领袖（与Valc相关）|敌对角色/人物|角色名|头衔+名字组合的专有名词，可能指敌对势力领袖
Chronicles of the Schism - Dawn of the First Century,分裂纪年-第一世纪黎明,文献标题（古代记录）
Church of Self,自我教会,宗教组织名称
Citadel,堡垒|城堡/要塞|城堡,地点名称（特定场景）|重要地点（恶魔领主据点）|地点名称（指男爵的据点）
CL,线索标记,线索代号
Clinic,诊所,地点名称|设施名称
CLOSET,储物柜,地点名称
Cold Rock,冷岩,地图名称|关卡名称
concert hall,音乐厅,地点名称（特定建筑）
CONDEMNED,被诅咒的,铭文/状态描述
Conscript,征兵者,NPC角色名
Console,控制台,游戏内功能界面
Copper key,铜钥匙,开启特定门锁所需的工具|开启机制的钥匙类型
Core of Hell,地狱核心,恶魔能量聚集地（需结合上下文判断是否专有名词）|地点名称（特定场景）|地点名称
Corrupt Seed,腐化种子,关键物品（与腐败起源相关的神秘物，被Nithriel夺取）
Corruption pits,腐化坑洞,地下设施/陷阱名称
Council,理事会,组织/权力机构
COUNCIL ROOM,理事会室[2]|议事厅,设施名称[2]|地点名称（需结合上下文确认是否专有）
craftsdemons,工匠恶魔,组织/群体名称
Crawler,爬行者,敌人类型
Crawlers,爬行者,游戏中的单位/生物名称[2]|生物类型|游戏中的单位/生物名称（从上下文推测）
Crawlers and Golems,爬行者和石像鬼,特殊生物类型（可能指特定种族或机械生命体）
Crushbow,重击弩|重弓|重击弓,武器名称[2]|武器名称（专有装备）
Crushbows,重击弓,武器类型（可能为专有名词）
Crylance,水晶长矛[2]|冰矛|冰霜长矛|冰锥弩|怒吼矛|晶刃,武器名称[2]|武器名称（Lancer Dendra的专属装备）|武器名称（游戏内术语）|武器名称（Lancer角色专属武器）|武器名称（可能为Lancer Dendra的专属装备）|武器名称（需要充电的特殊武器）
Crylances,晶簇弩,武器类型
crypt keeper,密室守卫,角色/职位名称（游戏内设定）
Crypt Keeper's Office,密室保管员办公室,地点名称
Crystal Amulet,水晶吊坠,关键道具（保护角色免受爆炸伤害的魔法饰品）
Crystal Amulets,水晶护符,装备类物品（提供固定护甲值）
Crystal Curator,水晶管理员[5]|水晶馆长[2]|晶石管理员[2]|水晶策展人[2]|水晶保管者,职位名称（管理晶体知识的角色）[2]|角色名，负责管理水晶的NPC[2]|角色名，负责引导的NPC|角色名|角色/职位名称（管理晶体相关事务）|角色头衔/职位|职位头衔或角色|角色名，可能负责管理关键物品（如Seed/Disk）|重要角色/职位|角色名，负责守护晶石的NPC
Crystal Disk,水晶圆盘,关键物品（与胜利和家园存续相关的神器）
Crystal Dome,水晶穹顶[2]|晶石穹顶[2],特定地点/结构（因圣盘被盗而受损的区域）[2]|地点名称（风暴来源地）|地点名称，重要建筑或区域
Crystal Heart,水晶之心,关键物品名称（象征希望的圣物）[2]|道具/装置名称[2]|关键物品名称|地图名称|关键目标物/圣物|关卡名称/重要物品|关键物品|关键地点/物品名称|关键物品或概念|关键地点/物品（与游戏核心剧情相关的神秘遗迹）|关键道具或能量核心（与晶体绑定）|关键物品/目标|关键地点/物品（可能指某种神圣遗迹或装置）|关键物品或地点名称（需上下文确认）|关卡名称|关键物品名称，指代古代文明遗留的重要神器|关键物品名称（需要保护的核心目标）|关键地点/物品名称（象征核心设施）
Crystal Key,水晶钥匙[3]|晶体钥匙,关键物品名称（用于进一步访问的道具）|关键物品名称|开启大门的特殊道具|物品名称
Crystal Shop,水晶店|水晶商店,地点名称|店铺名称
Crystal Ward,水晶防护系统|水晶屏障,关键防御设施（用于保护重要区域的魔法结界）|防御装置
CRYSTAL WARD ACTIVATION,水晶防护激活系统,系统操作流程
CRYSTAL WARD CONTROL,水晶防护控制台,系统名称
crystals,水晶,材料/物品名称（需确认是否为专有名词）
Cult,教派[4]|异端教派[3]|教派/邪教,宗教组织名称（游戏内设定）[2]|敌对组织名称|组织名称，暗示游戏中存在神秘势力|邪教组织名称|组织名称（与恶魔崇拜相关）|组织名称，与地下势力相关|指代某个宗教或信仰体系的统称
cultists,异端者/邪教徒|教派成员,群体名称|敌对势力群体（非专有名词，但可能作为关键术语）
Cursed Gate,诅咒之门,关键设施/障碍物
Cyan Crystals,青晶石,物品名称（魔法水晶）
Cygni,天鹅座,歌曲名
Dark Citadel,黑暗城堡,地点名称（敌对据点）
Dark Iron,暗铁,特殊材料名称（前文提及）
Dark key,暗钥[2]|暗影钥匙,机关开启道具|物品名称（神秘通道的开启密钥）|用于解锁的特殊钥匙类型
Dark Vision Goggles,暗视护目镜,特殊装备物品（可增强夜视能力）|特殊装备，用于探索黑暗区域|装备名称（专有道具）
Deep Calls,深渊呼唤,地图名称
Deep Chill,深寒,地图名称|歌曲名
demon port town,恶魔港口镇,地点名称（被恶魔控制的城镇）
Demon Primarchs,恶魔主神,头衔/称号（复数形式的恶魔统治者）
Demon Town,恶魔城,地点名称（敌对势力据点）
Demon Town gate,恶魔城镇大门,防御设施，需破坏的障碍|特定地点
Demon troops,恶魔军团,敌对势力名称
Demonblood,恶魔之血[5]|恶魔血统者,特殊物质/能力（需与恶魔血液结合的神秘力量）[2]|可能指特定角色或势力名称（需结合上下文）|物品/能力名称（可能指特殊药剂或力量）|称号/特殊属性|术语（角色类型）
Demonic Corruption,恶魔腐化,特殊现象或力量
Demonic taints,恶魔污染,术语（状态或物品）
Demonic Well,恶魔井,游戏内场景或物品名称
Demons,恶魔,种族/势力名称（重复出现）|可能指特定群体或力量（重复出现）
Dendra,德娜拉|德娜德拉,人名（Lancer职位持有者）|人名
Desertaciune (Instrumental),沙漠化（器乐版）,歌曲名
devil,魔鬼,泛指但可能特指角色
Disk,盘[4]|盘/装置[2]|磁盘|圆盘,关键物品名称[3]|关键物品名称（需结合上下文确认具体含义）[2]|重要道具（需进一步确认）|关键道具，可能与晶体稳定有关|关键物品，可能与剧情核心相关
Disk artifact,盘状神器,物品名称
Dispel Magic Scroll,解除魔法卷轴,特殊魔法卷轴|用于破除魔法的特殊卷轴
Display Options,显示设置,控制画面参数的界面选项
Division,军团/部门|军团/组织|军团/编制|军团/阵营,组织名称（可能指军事单位）|军事组织名称（Iron Division铁军）|指代特定军事单位或组织|可能指代某个军事单位或势力
Down in the Bone Hall,骨厅深处,歌曲名
Druga,杜格拉,角色名/神祇名
Dura,杜拉,角色名/发送者|人名（需结合上下文）|人名|熊队长角色名
dwarf,矮人,种族名称
Dwarf Militia,矮人民兵,军事组织名称[2]|组织/阵营名称（矮人武装力量）
Dwarf Shieldguard,矮人盾卫兵[2]|矮人盾卫,角色/职业名称|角色名，守卫类NPC|军事单位/角色名（特定部队）
Dwarf Smith,矮人铁匠,角色名，负责制作潜水装备的NPC
Dwarf Town,矮人城镇,古代遗迹或据点名称|历史遗迹，与预言相关|地点名称（推测为地下城入口）|地名（特定地点）|地点名称，具体地名
Dwarven,矮人族,种族名称，指代矮人族群
DWARVEN ADAMANTINE TOY KNIGHT,矮人秘银玩具骑士,特殊武器/道具
Dwarven Diving Suit,矮人潜水服,装备名称（前文提及）
DWARVEN FORGE,矮人锻造厂,设施名称
dwarven fortress,矮人要塞,地点名称
DWARVEN HAMMER,矮人战锤,武器名称（种族专属装备）
Dwarven Lord,矮人领主,头衔/角色称谓
Dwarven Prospector,矮人勘探者,职业/角色名
Dwarven Society,矮人社会,组织名称
Dwarven Wars,矮人战争,历史事件名称
Dwarves,矮人,种族名称
E. M. Bendi,E.M.本迪,角色名
E. Mother Bendi,大地之母本迪,神祇/守护者名称，需要灵石充能
E.M. Bendi,Bendi大地母亲,角色简称（与Earth Mother Bendi相关）
Earth Key,大地钥匙[4]|地之钥匙,开启特定门锁的道具|特殊钥匙类型|物品名称|物品名称（需上下文确认）|特定钥匙类型
Earth Mother,大地之母[13]|大地母亲[6],守护者角色名（与布雷扎相关）[4]|神灵/重要角色名字[2]|神祇/角色名称（感知牺牲者灵魂的存在）|神祇类角色，具有自然力量|角色名，可能指某种自然或神灵实体|可能为角色或称号（需结合上下文确认）|神秘存在，可能指神祇或守护者|神祇/领袖称号|神祇名称（自然守护者）|神祇/自然力量象征|神明称号|角色名，可能指某种神祇或领袖|神祇/种族名称|神话/宗教概念（守护者）|神秘存在/角色名称
Earth Mother Bendi,贝迪大地母亲[2]|大地之母宾迪|大地母神宾迪|大地母亲本迪,神祇/自然力量象征（具体化名称）[2]|神话人物/研究者|神祇或角色名称，Bendi为名字部分|角色名（自然系领袖）
Earth Mother Druga,大地之母杜格拉|大地之母·杜格拉,神祇/自然实体名称（结合地球母亲与名字）|神祇/角色名
Earth Mother Eva,大地之母伊娃,角色名或神祇称号
Earth Mother statues,大地母神雕像,特定地点或物品
Earth Mothers,大地母亲们[3]|大地母神[3]|大地母亲,神话群体[2]|组织或角色名|神话/宗教概念（守护者）|神话实体/组织名称（保护结界相关）|组织/群体名称|群体/角色类型（需确认是否为专有名称）
Earth Mothers' Grove,大地母神林地,特定地点名称，可能与魔法相关
Earth Pigment,大地颜料,特殊材料
Earthborn,大地之子,势力/种族名称
Eberon,埃伯隆[2]|伊伯隆,角色名（任务发布者）|人名（角色）|人名（要求开启堡垒大门的角色)
Elemental God,元素神,泛指四大元素之神（复数形式）
Elemental Gods,元素神祇[2]|元素神|元素神们|元素神明|元素之神,神话体系中的神祇群体|泛指统治自然力量的诸神|神话体系中的神明群体|神话体系|神话中的神祇，代表自然元素力量|游戏中的高阶存在或神明
Elemental Ring,元素戒指,物品名称[2]|装备名称|装备名称（魔法道具）
Elemental Rings,元素戒指,物品名称
ELEVATOR TO VALC,通往瓦尔克的电梯,地点指引（VALC为地名缩写）
ELEVATOR TO WEAPONS & HELL POWDER STORAGE,武器与地狱火药存储电梯,设施/装置名称（大写专有名词）
Elf,精灵,种族名称或特定角色（与Nithriel关联）|种族名称（此处指特定角色）|种族/角色类别，可能特指某位角色|种族名称，奇幻世界观中常见种族|种族名称
Elixir of Death,死神药剂,关键道具
Elixir of Life,生命药剂,关键道具|关键物品（部族圣物，被恶魔觊觎）|关键物品（赋予长生力量的神秘液体）
elves,精灵,种族名称（重复出现）
Elzriel,埃尔齐瑞尔[7]|艾尔齐瑞尔[3]|埃尔齐里尔[2]|埃尔齐尔[2]|艾尔齐里尔[2],角色名（前文已出现）[3]|人名[3]|角色名称（反派人物）[2]|Primarch 名称（金色要求者）|角色名/战士|角色名（要求者）|人名（黄金原初领主）|人名（角色）|原初主宰之一（黄金）|角色名|人名（可能指精灵或角色）
Embrace of the Afterlife,来世之拥,仪式/咒语标题（与死亡相关）
EMERGENCY ONLY,仅限紧急情况,标识标语
Enchant Trinket scroll,附魔小饰品卷轴,特殊道具名称
Enchanted Ink,魔法墨水,特殊制作的魔法材料
Enchanted Purple Ink,魔法紫墨水,特殊配方制作的墨水
Endless Mode,无尽模式,游戏模式名称
Endless Mode Versus,对抗无尽模式,游戏模式名称
Eraanthe,埃拉安瑟[7]|艾拉恩瑟[3]|艾拉安瑟,可能为敌对势力成员的名字[4]|人名[2]|人名（帮助者/角色）|角色名（可协助者）|角色名，游戏中的主要人物之一|角色名/神祇名（可能与势力相关）|人名（需要献祭之剑的角色）
Errant Signal,失序信号|游荡信号,地图名称|关卡名称
Erudin,埃鲁丁[3]|艾鲁迪因|艾鲁丁,角色名（前文已出现）[2]|Primarch 名称（红色要求者）|角色名（要求者）|人名（角色）
ET,电子文本,谜题关键词
EVERFLOWING CHALICE,永流圣杯,游戏内关键道具|游戏内物品名称
F1,F1键,快捷键
Fae,妖精,奇幻种族名称（精灵类生物）
Fae Dust,精灵尘埃,魔法材料名称
farm plot shed,农田棚屋,游戏中的特定建筑或地点
Farm plots,农田,游戏中的特定区域或任务地点
fel fungi,腐菌,敌人类型
Fightmare,战斗噩梦,歌曲名
Final Word,终章,篇章标题（最终段落）
Fire,火神/火焰之神,神祇名称（净化冥界的真神）
Fire Hammer,火锤,武器名称[2]|武器装备名称（前文提及）|武器或物品名称
FIRE HAMMER MOULD MACHINE,火焰锤模具机,工业设备名称（制造武器的机械装置）
fire pit,火坑,特定地点或装置（需确认是否为专有名词）
Fire Sea,火海,关键地点/区域（充满危险的熔岩地带）
Firelungs (Instrumental),燃烧肺部（器乐版）,歌曲名
Fist Symbol,拳击符号,门上的特殊标记（用于结束关卡）
Fixer,修复者[14]|修复者/特工[3]|修复者/调和者|特工/修理者|调解人|修复者/维修工,可能为角色名字或职位名称[6]|角色名，表现出对深海的恐惧[2]|特定角色名字（可能指执行任务的人）[2]|角色名称（鼓励Zan完成使命的角色）|角色名，可能负责修复或调解任务|角色名，可能指技术型支援角色|角色名称（可能指擅长破坏或工程的角色）|角色名/职位|角色名（可能指特定职业或代号）|需要解决门锁问题的专家角色|角色名，可能指具有特殊能力的NPC|角色名（执行任务者）|职位头衔或角色|角色名（可能指特定职业）
Fixers,修复者,技术相关角色|组织/群体名称|角色/单位名称（可能指某种工作人员）
Flame Beacon Ghost,火焰灯塔幽灵,角色名/鬼魂[2]|灵魂实体/NPC
For the Worthless,无价值者,篇章标题（第二段落）
Forbidden Caves,禁地洞穴,特定地点名称
Force Pike,力量长矛,武器名称（游戏内术语）
forest squad,森林小队,军事单位/组织名称
Forge,锻造所[2]|锻造厂,地点/设施名称[2]|关键设施名称
Forge Elementals,锻造元素生物[3]|锻造元素[3]|锻造元素使[3]|锻造元素灵,敌人类型[2]|特殊存在，可能指某种魔法生物或势力|可能指被颠覆的势力或特殊存在（与战略失败相关）|种族/实体名称（敌对势力）|游戏中的敌对生物类型|特殊生物/魔法存在|特殊生物群体（可能指操控火元素的生物）|特殊生物种类|被腐化的机械实体或能量体
Fountain of Life,生命之泉[2]|生命源泉,关键地点/物品|关键地点/物品（孕育铁族战士的神圣水源）|关键地点/神器（前文已出现）
Four Guilds,四大公会,组织名称
Fragfire Can,燃烧罐[2]|碎片火罐,武器名称（投掷物）|武器名称|游戏中的物品
FRAGFIRE CAN MOULD MACHINE,碎片火罐模具机,工业设备名称（制造特定容器的机械装置）
Fragfire Cans,破片火罐|碎片火罐,弹药类型（前文提及）|武器/容器名称
Frost Goblins,霜冻哥布林,特定种族或群体名称[2]|种族名称（寒冷地区的生物）
Fungus Caves,菌类洞穴,特殊地形/地点
Gardner,加德纳,人名/职位
GATE & DRAWBRIDGE CONTROL,闸门与吊桥控制室,设施/区域名称
Gate Mechanisms - Gear A2,门机制-A2型齿轮,机械组件名称（特定型号齿轮）|机械系统名称（特定型号的齿轮组件）
Gateway,通道/大门,结构名称（需结合上下文）
gating channel,传送通道,设施/系统名称（需确认是否为专有名词）|系统/设施名称（需确认是否为专有名词）
Gaun,加恩[4]|高恩|盖恩,恶魔主教/角色名|人名（角色）|神祇/交易对象（要求用剑交换的神秘存在）|角色名（要求者）|原初主宰之一（傲慢与尊严）|Primarch 名称（绿色要求者）
Gear Mould,齿轮模具,游戏中的工具/设备
Genii,吉尼人|吉尼,种族或群体名称|种族/角色
Ghastly Bear Warrior,苍白熊战士,特殊状态的NPC
Ghastly Reaver,苍白掠夺者,特殊状态的NPC
GIANT EXPLOSIVE RED CRYSTAL FORMATION,巨型爆炸红水晶构造体,特殊地形/魔法装置
Giant Nithriel,巨人尼瑟里尔,地点/角色名，由巨人的名字和地名组成
glowing shards,发光碎片,特殊物品
Goblin,地精,NPC种族
goblins,地精|哥布林,种族名|种族名称
Gods,诸神,泛指神秘力量体系中的至高存在
Golden,黄金的,钥匙类型/形容词
Golden key,黄金钥匙[2]|金钥匙,开启机制的钥匙类型|物品名称（开启门锁的关键道具）|道具名称，开启特定门锁的关键物品
Golden Primarch,黄金原初领主,头衔/称号（Elzriel的尊称）
Golems,石像鬼,生物/角色类型（被改造的完美生物）
Grand E. M. Breaza,格兰德·E. M. 布雷扎[2]|大地之母布雷扎[2]|大地母神布雷扎,重要人物名字（可能为守护者）[2]|同前（简称形式）|重要角色/头衔（多次出现的领导者）|领导角色（与Earth Mother相关）
Grand E.M. Breaza,大地之母布雷扎,重要角色/头衔（多次出现的领导者）
GRAND EARTH MOTHER BREAZA,大地之母布雷扎[5]|大地母亲布雷扎[4]|大地母神布雷扎[2],守护者角色，与Zan相关[2]|重要角色（领导地位）|人名（含头衔，需结合上下文）|人名/组织名|角色名/称号（具有神圣地位的领袖人物）|重要角色/头衔（多次出现的领导者）|人名/头衔（含称号）|高等级领袖/神职者|神话人物/日记作者|完整称呼形式（强调其身份地位）
Great Axe,巨斧,武器名称[2]|武器或物品名称
GREAT AXE MOULD MACHINE,巨斧模具机,工业设备名称（制造大型武器的机械装置）
GREAT FORGE,大熔炉/锻造工坊[2]|伟大熔炉|大熔炉|大锻造所,工业设施名称（冶炼和铸造场所）|地点或设备名称|工业设施名称（用于冶炼和铸造的场所）|地点/设施名称|关键设施/地点（锻造中心）
Green Corrosive Acid,绿腐蚀酸,化学物质名称（配方中的材料）
greenskin,绿皮人,种族/角色类型（非专有名词，但可能作为特定称呼）
Grimy Primarch,腐化主教,头目称号
Grit,磨砺,歌曲名
Griva,格里瓦,人名
Grove,林地[3]|林地/圣树之地|树林/绿洲,特定区域名称（可能指魔法森林）|地点名称（需确认是否为专有名称）|地点名称（可能与魔法相关）|地图名称|关卡名称
Grove portal,绿洲传送门,特定地点/装置名称
Grove Portal Cave,绿洲传送门洞穴,特定地点名称
Grund,格伦德,角色名（可能为Tiati的上级或监管者）[2]|人名（囚禁者）|角色名（可能为巫师或指挥官）|人名（引发冲突的角色）|角色名|角色名（可能指人物或势力）|角色名（可能为贵族或指挥官）
Grund's warg,格伦德的狼人,特定角色称呼
guard towers,守卫塔,地点名称
Guardian of Hell,地狱守护者,组织/职位名称
Gutter Anthem (Instrumental),下水道颂歌（器乐版）,歌曲名
H.Priest Jaromir,雅罗米尔大祭司|大祭司贾罗米尔,宗教领袖角色（负责Icepeak的守护）|宗教领袖角色名（头衔+姓名）
Half-Orc,半兽人,种族/身份标识（前文提及）
Halfblood,混血儿[14]|混血者[6]|半血统者[3]|半血族[2]|半血/混血儿,可能指特定角色或种族[3]|角色称号/身份标识[2]|角色称号，可能指具有特殊血统的角色[2]|种族或角色称谓（可能指混血生物）|对Elzriel的称呼（半恶魔身份）|特殊种族/角色名（可能指半兽人或混血生物）|角色称呼/身份标识|角色称号（混血身份）|角色名，可能指特殊身份的战士|可能指特定角色或种族（重复出现）|角色身份称号（暗示种族混合背景）|可能指角色身份或称号|特殊身份称号|种族/身份称号（暗示Zan的出身）|特殊身份/称号（可能指某个角色）|特殊身份称号，可能指角色种族或血脉|特殊种族/身份称号，暗示命运结局|角色类型/称呼|角色名，指具有混血背景的角色|身份标识（前文提及）|身份头衔（暗示种族混合）|种族/身份类别
Halflblood,半血种,种族或身份称谓（混血战士）
harp,竖琴,乐器名称（特殊道具）
harpoon,鱼叉,工具名称，用于深海探索的必备品
healing water,治愈泉水,传说中的神奇药水（重复出现）
Heart,心脏,地点/核心物品
Hectus,赫克图斯,角色名字，矮人铁匠|角色名（新出现）|角色名，可能指营地中的工匠或NPC|角色名（任务目标人物）
Hedon,赫登[5]|赫多恩|享乐之地|享乐之力,游戏/项目名称[3]|创作者/开发者名称[2]|抽象概念（需结合上下文）|地名/地点名称|抽象概念/地名（需结合上下文）
Hedon I - Crystal Heart,赫登I - 晶石之心,游戏章节标题
Hedon's caverns,赫登洞穴,地点名称
Hedonism,享乐主义,教义概念（游戏内哲学体系）
Heellaw,地狱爪,武器名称
Hell,地狱,地点概念，作为核心区域名称|地点名称（永恒折磨之地）|抽象概念/地点名称（需结合上下文）|地点名称（需上下文确认）|场景/区域名称（上下文暗示为游戏中的地点）|概念/地点（奇幻设定中的永恒之地）
Hell Gates,地狱之门,重要地点，可能为关卡或场景名称
Hell Powder,地狱火药[3]|地狱粉末[3],特殊物资名称（可能指代特定物品）|特殊材料/武器名称|材料/武器组件|关键物资，用于特定目的|关键物品（恶魔储存的资源）|物品名称（专有物资）
hell powder guns,地狱火枪,特殊武器名称
Hell's core,地狱核心,关键地点/目标
Hellblaze,地狱烈焰,怪物/角色名（可能指火焰生物）
Hellblaze guards,地狱烈焰卫兵,部队/守卫名称，特殊武装力量
Hellclaw,地狱爪,武器名称[2]|武器名称（近战装备）
Hellclaws,地狱利爪,武器名称（由恶魔皮肤制成的近战武器）
Hellfire cans,地狱火罐,容器类型（储存特殊物质）
HELLFIRE OIL,地狱火油,特殊液体材料|游戏内物品名称
Hellion,地狱离子,敌对势力成员名字[4]|可能为敌对势力成员的名字[2]
Hellions,地狱军团|地狱兽,敌对单位类型名称|恶魔组织名称（使用Painguns的部队）
Hells,地狱/诸神之怒,拟人化表达（此处指代极端愤怒）
Hellscape,地狱景观,地图名称
hibernating bear,冬眠熊,特定位置/物品
High Mistress Nithriel,高阶女主人尼瑟瑞尔,敌对势力首领（与Spirit Mistress相关）
High Priest Jaromir,高祭司贾罗米尔|大祭司贾罗米尔,宗教领袖角色名，提供潜水装备信息|人名/头衔
History of the Iron Division,铁军史,历史文献名称
Hull Piercer,船体穿透者,武器或攻击方式名称
I.D.,身份者[2]|铁军缩写,组织/代号（需结合上下文）[2]|可能指Iron Division的组织代号
Icepeak,冰峰[4]|冰峰/冰峰要塞,地点名称（可能为重要据点）|关键地点名称（可能指代一座山或城市）|地名/组织名（可能指冰封山脉或势力）|电梯目的地地点|地点名称（电梯目的地）
Icepeak Dwarves,冰峰矮人,种族/部族名称
Icepeak Fort,冰峰要塞,地点名称，与矮人城镇形成对比的历史遗迹
Icepeak Fortress,冰峰要塞,地名/建筑名称
Icon,图腾[4]|图腾/至高恶魔|图腾/圣像|象征者/图腾|图腾/象征物|图标/神像|圣像/图腾,象征物（可能指某种信仰或统治核心）[3]|神秘存在（可能指某种神圣象征物）|特定物体或象征物（可能指重要神器）|统领恶魔的最高存在|头衔/角色名称|特殊头衔（前文已出现）|敌人或目标名称（需结合上下文理解）|可能指代重要人物或象征物
Icon of Demons,恶魔之像,称号/象征物
Icon's lair,图腾巢穴,地点名称（特定场景）|地点名称（神秘存在据点）|地点名称（目标区域）
Icon's throne,图腾王座,地点名称（特定场景）
Igrutius,伊格里乌斯,角色名，可能是反派领袖或导师
Impaled Brain,受刑大脑,角色名/被折磨的灵魂
Ingrim,因格林,角色名（可能指人物或势力）
Initiate,入门者|入门者/修习者,游戏中的特定身份或修炼阶段|可能指修炼者或特定身份角色
Initiates,启蒙者,敌人类型
Inner Crystal Sanctuary,水晶圣殿,特定地点名称
Iron Division,铁军[27]|铁之军团[3]|铁军/铁部[3]|铁军团[3]|铁族军团|铁军/铁军团|铁军行动/铁部|铁矿部,组织名称[8]|组织/部队名称[4]|组织/部队名称（熊战士所属）[4]|军事单位/组织名称[2]|军队组织名称[2]|组织/军事单位|组织名/阵营|军队组织名|组织或军团名称|军事组织或部队名称|组织名称（由生命源泉赋予力量的战士集团）|组织名称（前文提及）|组织或部队名称，可能指特定军事单位|组织名称（可能指反抗势力）|基于Disk发现而成立的组织|组织名称，指代特定军事单位|组织名称（特殊部队或军团）|任务/组织名称（需上下文确认）|游戏中的敌对势力或组织名称|组织名称（重复出现）|军事组织名称|组织/军事单位名称|组织名称（军事部队）|组织/部队名称，可能为重要阵营|组织名称（Bear Warrior所属部队）
Iron Division Orcs,铁军兽人,特定军团/组织名称|组织/部队名称
Iron Division Survivor,铁军幸存者,角色名/组织名称
Iron Divison,铁军,军事组织名称（可能拼写错误，应为Iron Division）
Iron Ingot,铁锭,材料/物品名称
Iron Key,铁钥匙[3]|铁制钥匙,特殊道具名称（可能指特定钥匙）|机关开启道具|特定类型的钥匙，用于开启门锁|特定钥匙类型
Iron Key Mould Machine,铁钥匙模具机,工业设备名称（制造钥匙的机械装置）
Iron Maidens,铁女仆|铁之女战士|铁娘子,敌人类型|敌人组织/角色名称|组织/战斗单位（与Iron Division相关）
Iron Ore,铁矿石,材料名称（前文提及）|材料名称
Iron Shield,铁盾,装备名称（防御性武器）
Iron Urchin,铁刺儿（俚语）,可能指特定角色/组织（重复出现需确认是否遗漏）|可能指特定角色/组织
Iron Urchins,铁刺虫,敌人类型
Iron's shrine,铁之神殿,地点名称（禁止开采的圣地）
Iron-Bound Tome,铁封典籍,神秘文献/物品名称
"It's not Paradise, it's Hell","这不是天堂，是地狱","歌曲名"
Jaromir,贾罗米尔[7]|雅罗米尔,角色名，高阶祭司的名字|人名（被提及的神职者）|角色名（考古学家，与地下遗迹研究相关）|人名（可能为角色或NPC）|角色名（与Breaza互动的探险者）|宗教职位人物名（Priest Jaromir）|人名（重复出现）|人名（Lady Ingrim的丈夫）
JOURNAL OF ZAN THE BONEBREAKER,赞·骨碎者日记|赞·骨碎者的日记|赞·骨碎者的日志|赞·骨碎者日志,物品名称（记录载体）|文献标题/记录载体|角色日记，记录探索历程|日记标题（大写专有名词）
KEEPER OF ALL GRATES,万礼守护者,游戏内物品/头衔
Kingdom of Sun,太阳王国,虚构国家名称
Kranioutopos (Instrumental),克兰诺托波斯（器乐版）,歌曲名
Lady Ingrim,林格姆女爵|林格姆女士,角色名（可能为酿酒师或重要NPC）|角色名（冰峰矮人女王）
Lancer,长矛兵[6]|枪骑兵|兰瑟,角色名[2]|战斗单位名称[2]|可能指特定职业或角色（需上下文确认)|头衔/角色名称|角色名称（参与战斗的战士）|职业/部队名称（需结合上下文确认是否专有）
Lancer Council,长矛理事会[2]|指挥官理事会|长矛议会,军事/政治组织名称|组织/权力机构|军事或政治组织名称|组织/机构
Lancer Dendra,兰斯尔·德内拉[6]|长矛兵德娜|兰瑟·德纳|兰瑟·德内拉,具体角色名字[6]|人名，书中签名者|人名|角色名
"Lancer Dendra's Log, Rotation 509, Day 238","兰瑟·德纳日志，第509轮第238天","日期记录标题"
Lancer Painting,骑枪画,角色/场景名称（被囚禁的骑士）
Lancers,骑兵团[4]|轻骑兵[2]|骑兵团/战士团|长枪兵|轻骑兵团|长矛兵军团|骑兵团/轻装部队,守卫者组织[2]|特殊组织/群体名称（可能指特定阵营）|军事单位/组织名称|组织/群体名称（与Dendra相关的战斗单位）|可能指某个军事组织或部队名称|组织名称，指代特定军事单位|部队名称（已出现多次）|组织/部队名称|部队名称（可能为专有名词）|军事组织或部队名称
Large Cyan Crystal,大型青色水晶,物品名称，可能为魔法材料
Library,图书馆,地点名称（需结合上下文确认是否专有）
LIBRARY & GROVE,图书馆与林地,可能指特定区域或设施组合
Light Armor Amulet,轻甲挂坠,装备名称（饰品类）|装备名称
Lith,利思[8]|利斯,可能为反派角色/势力名称（需结合上下文确认）|角色名（腐化实验相关人物）|研究者或人物名，涉及地下研究|可能指占卜者或预言者（与visions相关）|角色名/预言者|角色名/历史人物（可能指前例人物）|可能指人物或地名（与预言相关）|角色名，被称作Zura的助手|角色名（与腐化实验有关的人物）
LIVING QUARTERS,生活区,地点名称
Lord Eberon,埃伯伦男爵,角色名/领主称号
Lord Efri,洛德·埃弗里,反派领袖/角色名（重复出现）|角色名，反派领袖（重复出现）|角色名，可能指反派领袖
Lord Igrutius,伊格留提乌斯|伊格鲁提乌斯男爵|伊格里乌斯男爵|伊格鲁提乌斯领主,贵族头衔加人名（指挥官角色）|角色名|敌对势力头目/贵族（与Nithriel相关）|角色名/头衔
Lord Murguth,穆格斯领主[2]|穆格斯|莫格斯|穆尔古思,角色名（上级人物）|重要角色（前文提及）|角色名/贵族头衔|敌对势力首领/贵族（与牛头人相关）|角色名/领主（命令战士获取污染）
Lords,领主们,头衔/群体名称
Lost Call,迷失的呼唤,歌曲名
Lost Souls,迷失灵魂,群体称谓（前文已出现）
LOWER VALC,下瓦尔克,区域/地点名称
M,M键|M先生,角色名/代称|地图标记快捷键
magic runes,魔法符文,魔法符号术语
Magic Ward,魔法屏障,关键设施或防御机制名称
Magnus (No Voice),马格努斯（无声版）,歌曲名
Maid,侍女,角色名（具体人物身份）
MAIDEN SCHOOL,少女学院,机构/组织名称
Mana,魔力,能量类型（魔法来源）|游戏内能量类型（魔法来源）
Mana Potions,魔力药剂,物品类型
Mansion,庄园,地点名称（已不再构成威胁的建筑）|地图名称
Map01,地图01,关卡名称
Mast Snapper,桅杆狙击者,武器或攻击方式名称
Masters,大师们,群体称呼（可能指Nithriel的上级）
Matron,女主人,职位/角色称谓（可能指恶魔组织成员）
Mentalists,心灵术士,职业/势力成员（前文提及）
mess hall,食堂,地点名称（特定建筑）
Metal & Cave Rock,金属与洞穴岩石,标题/研究主题
Mind Master,心灵大师,头衔/角色名，与Body Master并列的掌控者（重复出现）|头衔/角色名（与Body Master并列的掌控者）
mine barracks,矿坑兵营,设施名称
Minotaur,米诺陶洛斯,生物种类（神话怪物）|神话生物（半人半牛怪物）
Minotaur Axeman,牛头人斧兵[2]|米诺陶洛斯斧兵|魔牛斧兵,角色名（特定种族的战士单位）|角色/职业名称（半人马战士）|角色名/职业称号|人名（角色）
Minotaur caves,米诺陶洞穴,地点名称（与神话生物相关）
Minotaur Lord Murguth,牛头人领主穆尔古斯|牛头人领主穆鲁斯|魔牛领主穆尔古斯,重要角色（领导牛头人部族）|人名（角色）|人名/头衔
Minotaur Pyromancer,半兽人火系法师|米诺陶洛斯火法师,角色/职业名称（半人马魔法师）|角色名（新出现）
Minotaur Town,牛头人城镇,重要据点，需夺取地狱粉末|特定地点名称（与恶魔存储地狱粉末相关）|地名（特定地点）|特定地点名称（与地狱粉末相关的据点）|特定地点名称（被恶魔利用的废弃据点）
minotaur town factory,美杜莎镇工厂,地点名称，可能指某个重要设施
Minotaurs,米诺陶洛斯/牛头人[2]|米诺陶洛斯[2],种族/生物名称（半人马）|种族名称（被提及需警告的部族）|种族名称|种族名称（被指派搬运修复后的机器）
Mistress N,女主人N,角色名，可能是Nithriel的昵称或别称
Mistress Nithriel,妮瑟莉尔女士[5]|妮丝丽尔女士[2]|尼瑟里尔女主人|女主人妮丝丽尔,角色名，已出现在前文（重复出现）[3]|人名|角色名，可能具有特殊身份或头衔|角色名，可能指教派首领|人名（需结合上下文）|角色名/头衔|人名（研究笔记作者）
Mithril,秘银,特殊金属材料（用于制造齿轮等机械部件）
Mithril Bar,秘银条,游戏中的物品
Mithril Gear,秘银齿轮,游戏中的物品
Mithril Gears,秘银齿轮,特殊材料制造的机械部件
Mithril Ingot,秘银锭,材料/物品名称
Mithril Ore,秘银矿石,材料名称
ModDB,模组数据库|ModDB平台,玩家反馈渠道|平台名称
Moon,月亮,可能指某个地点或角色（需上下文确认）
Moon Goddess,月亮女神,神祇名称
Moondrop Flower,月露花,特定植物名称
Mother Bendi,母·本迪,角色名（可能为女性巫师）|神祇/角色名
MOULD FORGE,模具锻造厂,设施名称
MOUNTAIN GATE CONTROLS,山门控制系统,地点/系统名称
Mr. Magnus,马格努斯先生,角色名字，矮人矿工
Murguth,穆格思[2]|穆鲁斯[2],人名（最伟大的火法师）[2]|地名/人名（营地名称）|角色名（与矮人相关的人物）
music sheet,乐谱,物品名称（魔法相关）
NEIHALL'S DWARVEN GEAR,尼哈尔的矮人装备,物品/设施名称
Nithriel,尼瑟瑞尔[12]|尼瑟莉尔[8]|尼希尔[7]|尼瑟里尔[7]|尼西瑞尔[5]|尼特里尔[2]|妮丝丽尔,主要反派角色名[4]|势力或人物名称[2]|角色名（巫师/盟友）[2]|反派角色名字，试图召唤祖先的敌人[2]|人名[2]|可能指人物或地名（与圣盘盗窃相关）[2]|反派角色名字，与蓝男爵结盟的敌人[2]|关键角色名字（可能为重要人物）[2]|可能为角色或重要人物名称（需结合上下文确认）|地名/势力名称（前文提及）|敌对势力首领（与Spirit Mistress相关）|人名（可能指被提及的精灵宠物）|人名/地名（被提及的角色）|精灵角色名（可能指特定人物）|角色名/势力名称（与巴伦勾结的潜在对象）|角色名/势力名称（与巴伦勾结的反派势力）|角色名/神祇名（可能与附身有关）|角色名|人名/角色名|地名/势力名称（需进一步确认）|人名/势力名|人名，可能是剧情中的角色|关键角色名字（可能为反派或盟友）|主要反派角色，拥有强大魔法|角色名，可能为巫师或盟友|反派角色/势力名称（试图分裂阵营的敌人）|关键人物或地名，计划的核心关联者|敌对势力首领（已出现过）|人名（被提及的精灵宠物）|角色名，可能为巫师或敌人|人名/地名|角色名（与腐化实验和地下遗迹相关）
No Way Out?,无路可退？,歌曲名
northern wing,北翼,地点名称
Obelisks,方尖碑,地点特征/神秘装置
Old God,旧神,信仰体系中的神祇名称
Old Orc,老兽人,角色称谓|角色名
Options,选项,游戏设置菜单中的功能模块
Options - Display Options,选项-显示设置,游戏设置菜单的子项名称
Orc,兽人,NPC种族|种族名称（奇幻生物类别）
Orc filth,腐烂的兽人,贬义称呼，可能指特定部落或群体
ORCISH URN,兽人陶罐,物品名称（文化遗物）
Orcs,兽人,种族名称[2]|种族名称/敌对势力|种族名
OS,操作系统,谜题关键词
Outpost 3,哨站3号,战役目标地点
Overworld,上界,奇幻世界观中的地域名称[2]|游戏世界区域划分|地名（与地下监狱相对）|平行世界名称
Paingun,痛击枪,武器名称[2]|武器名称（特殊装备）|武器装备名称
Painguns,痛击枪,武器名称（恶魔使用的远程武器）
Pale Wind,苍白之风,地图名称|关卡名称
Paradise Lost,失落天堂,地图名称
Parapet,城垛[2]|瞭望台|城垛/防御工事,地图名称|地点名称（遥远的起点位置）|关卡名称|建筑结构名称（关键防御位置）
Parapet Ward,城垛屏障|城垛防御系统,设施/防御装置名称|防御设施名称（用于阻止传送的魔法屏障）
Path of the Devil,魔鬼之道,书籍/教义名称
Path of the Lancer,兰瑟之道,书籍/教义名称
Path to Chaos,混沌之路,章节标题（第三章）
Patreon,Patreon,赞助平台名称
Patron of Alchemy,炼金术守护者,角色身份
Pendant of True Sight,真实之眼吊坠[2]|真视吊坠,特殊道具（前文已出现）[2]|魔法饰品（能揭示真相）
Pentagram,五芒星,魔法符号（危险标记）|魔法符号/结界（Eraanthe警告对方勿踏入的禁忌区域）|符号/魔法物品
Pentagrams,五芒星,符号/魔法物品
Phylactery,封印容器,奇幻设定中储存灵魂的器物
Pink Gas,粉雾剂,化学物质名称（配方中的材料）
Pit Lord,深渊领主,特殊头衔/角色[2]|恶魔等级头衔/职位|头衔/角色名|敌对势力头衔/BOSS名称|头衔（地方势力）|角色名/头衔（签署文件的神秘人物）
Pit Lord Alpha,深渊领主阿尔法,头衔/职位
Pit Lord Commander,深渊领主指挥官,角色头衔，可能指某个势力的领导者
Pit Lords,深渊领主,敌人类型|组织/头衔名称，可能指统治者群体|组织/头衔名称（重复出现）
Pits of Hell,地狱深渊,地点名称（需上下文确认）[2]|可能指某个特定地点或隐喻表达
Place Afoul,污秽之地,地图名称
Plaza,广场,地点名称（可能指重要场景）[2]|地点名称（被占领的关键区域）|地点名称（如Valc's Plaza）|地图名称|地点名称（需确认是否为专有地名）|关卡名称
Plaza Alchemist,广场炼金术士,特定地点或人物名称
Plaza Tavern,广场酒馆,特定地点名称
Port ghost,港口幽灵[2]|波特幽灵,人名（角色）|角色名（需要帮助的实体）|人名（请求寻找兄弟的角色）
Port to Hell,通向地狱的港口,地图名称
Portal,传送门,关键地点（穿越至城堡的通道）
portal cave,传送门洞穴,特定地点名称
portal controls,门户控制系统,系统名称（需结合上下文）
Potion Launcher,药剂发射器[3]|药水发射器[2],武器名称[2]|装置名称|设备名称（用于测试新瓶装设计）|武器/道具名称
Potion of Greater Healing,强化治疗药水,物品名称
Potion of Haste,加速药水,魔法药剂名称|物品名称
Potion of Might,力量药水[4]|力量药剂,物品名称[2]|魔法药剂名称|物品名称（消耗品）|道具名称
Potion of Stoneskin,石肤药水[3]|石皮药水,强化类魔药名称（游戏内物品）|魔法药剂名称|物品名称（消耗品）|道具名称
Potions of Haste,迅捷药水,物品名称
Potions of Might,力量药水,物品名称
Potions of Stoneskin,石肤药水,物品名称
Power Core,能量核心,物品名称，可能为魔能装置
Power Cores,能量核心,关键装置名称|魔法物品名称
Power Crystal Storage Room,能量水晶储藏室,房间名称
power pillar,能量柱,关键结构物名称（可能指特定装置）
Power Shards,力量碎片,道具名称|物品名称
POWER SURGE WARNING,功率浪涌警告,系统警示名称（大写专有名词）
Powered Cauldron,魔能坩埚,关键工具名称
Pox ammo,瘟疫弹药,特殊武器/弹药名称
Praak,普拉克,生物/种族名称（可能为掠夺者变种）
Praaks,惊慌的群体[4]|普拉克斯人,特殊种族或群体名称（已提取）[2]|特殊种族或群体名称（可能指某种生物）[2]|种族/群体名称（特定文化背景的族群）
Primacrh Avatar,腐化主教化身,角色称呼/实体形态
Primarch,主教/统帅[2]|原初者[2],头衔（奇幻设定中统治者或重要角色）[2]|神祇/势力名称（需确认）|神祇/势力名称（重复出现）
Primarch Adur,主教阿杜尔[2]|大主教阿杜尔,高级神职人员或领袖的称号和名字[2]|角色名（Primarch为头衔，Adur为人名）
Primarch Avatar,原初领主化身,角色/场景名称（被囚禁的权贵）
Primarch Elzriel,主教埃尔齐瑞尔,同上，另一个高级领袖
Primarch Erudin,主教埃鲁丁,同上，第三个高级领袖
Primarch Gaun,主教加恩,同上，第四个高级领袖
Primarch of Hearts,心之主教,头衔/职位
Primarch of Subterfuge,诡计首席,头衔/组织名称（暗示埃鲁丁的职位）
Primarch of Transformation,转化主教,角色称号
Primarch offering altar,原初领主献祭祭坛,地点名称（特殊仪式场所）
Primarch Scorlag,主教斯科拉格,高级领袖的称号和名字
Primarch Shrines,元帅神殿,地点名称（重复项，见前文）|重要遗迹/地点（重复项）|重要遗迹/地点
Primarchs,原初者[3]|原初神祇[3]|原体[2]|原初主神|原初主宰|原初领主/大主教|初代统帅|元帅们,神祇/势力名称（需确认）[3]|游戏中的高阶存在或神明[2]|恶魔神祇/高级存在（象征邪恶本质）[2]|高阶存在（要求半血族证明资格的神秘势力）|混沌势力的统治者/头衔|头衔/势力领袖（可能指特定角色群体）|头衔/组织名称（需要获取污染的势力）|神秘群体/称号（可能指古老神祇）|群体称谓（可能指统治阶层或特殊阶级）
Psi Crown,心灵冠冕[3]|心灵王冠[2],魔法装备或物品名称|装备名称（专有物品）|魔法装备（防御道具）|装备名称，需灵石充能|特殊装备名称（前文提及）
Psi Demon,心灵恶魔,特殊敌人类型（魔法生物）
Psi Demons,心灵恶魔[2]|Psi恶魔,敌人类型|势力/生物类型（前文提及）|特殊恶魔组织名称
Psi-shrooms,Psi蘑菇,特殊物品名称（魔法生物或材料）
Psionic field,精神力场,魔法术语（描述能量屏障）
Pyromancer,火法师,职业名称
Queen of Wrath,愤怒女王[5]|愤怒之王,称号或角色名，可能指某位强大存在[2]|头衔/神祇称号（掌管怒火的统治者）|头衔/称号（可能对应角色）|称号/角色名（可能指特定势力首领）|头衔/角色名（统治者）
Quest Items,任务物品,游戏内特定物品类型（自动使用）
quiver,箭袋,普通名词（武器部件）
Reaver,掠夺者,敌对势力成员名字[6]|角色名[5]|NPC种族[2]|头衔/角色名称[2]|角色名/敌对势力[2]|角色名，可能指敌对势力成员[2]|可能为敌对势力成员的名字[2]|角色名，可能指敌对势力|守卫者组织（重复出现）|角色名/势力名称|敌方战士/角色名|角色名/组织名|敌对势力/角色名|角色/组织名称（战斗单位）|人名
Reaver Headquarters,掠夺者总部,组织据点名称
Reaver Headquarters Auxilliary Generator,掠夺者总部辅助发电机,设备名称（需结合上下文）
Reaver HQ,掠夺者总部,机构名称（敌对势力据点）
Reaver Meza,掠夺者梅扎,角色名字
Reaver Tiati,掠夺者蒂亚提[5]|掠夺者提亚蒂|掠夺者蒂亚蒂|掠夺者提阿蒂,角色名字[3]|已提取角色名字[2]|角色名，可能为敌方势力或特殊身份（与Breaza相关）|角色名|人名（新出现）
Reavers,掠夺者,组织/群体名称[2]|势力/组织名称（前文提及）|组织/角色名称|守卫者组织|群体名称
Rebel,叛徒/反抗者,角色称呼（可能指Halfblood）
Rebel's Pendant of True Sight,真实之眼叛逆吊坠,特殊物品
Red Crystal,红水晶,散发热量的魔法物品|已提取的魔法物品名称
Red Crystal clusters,红晶簇,地形/物品名称|环境元素/敌人类型
REPAIR BAY,维修区,设施名称|地点名称
Research and Decay,研究与腐朽,地图名称|关卡名称
Rites of Initiation,入门仪式,宗教/魔法仪式名称
Rocket jumping,火箭跳跃,游戏机制
root gate,根之门,地点/结构名称（需确认是否为专有名称）
Rot. 509 Day 238,腐化第509日 第238天,日志编号/日期
"Rot. 509, Day 237","罗特第509号，第237天","日期编号"
Rotation 509 - Day 233,旋转第509日 第233天,日志编号/日期
Rotation 509 - Day 237,旋转第509日 第237天,日志编号/日期（格式与前文类似）
"Rotation 509, Day 184","第509轮第184天","时间标记（可能为特定纪元系统）"
ruby,红宝石,物品名称（非专有名词，但可能作为关键道具）
Sacred Disk,圣盘,关键物品（引发闪电风暴的关键道具）[2]|关键物品（与游戏核心剧情相关的神秘神器）|关键物品（可能与古代遗迹或魔法有关）|重要物品/神器
Sacred Disk artifact,圣盘神器,关键物品名称
SACRIFICIAL BLOOD,牺牲之血|献祭之血,仪式用液体|游戏内物品名称
Salt and Blood,盐与血,地图名称
Salt Mine,盐矿,地点名称/特定区域[2]|关键地点
Sanctum,圣所,游戏中的重要地点或区域名称
Sarge,上尉/ sergeant 的非正式称呼[2]|上尉,头衔/称谓[2]|军衔非正式称呼
schematics,图纸,技术文档
Schism,分裂,历史事件/教派分裂|历史事件或哲学概念，指某种重大分歧
Scorlag,斯科拉格,角色名|角色名（要求者）|人名（角色）|角色名（前文已出现）|Primarch 名称（蓝色要求者）
Scrawn,斯克朗,角色名（前文已出现）
Scrawn the sculptor,斯克朗·雕塑师,角色名（前文已出现）
Scribe Embers,书记人火种,特殊材料
Scroll of Dispel Magic,解除魔法卷轴|驱魔卷轴,物品名称（需确认是否为专有名称）|魔法物品
Scroll of Magma Ball,岩浆球卷轴[3]|熔岩球卷轴,特殊道具/魔法材料|物品名称（需确认是否为专有名称）|魔法物品|魔法道具
Scroll of Nourish,滋养卷轴,物品名称（需确认是否为专有名称）|魔法物品
Sea of Flames,火焰之海,地点名称（游戏内设定）
Seat of Power,权力中心,地点名称（统治核心）
SECURITY,安全系统,系统名称
SECURITY GRATES,安全闸门,设施/装置名称（大写专有名词）
Seed,种子,关键道具或象征物（与Disk形成对比）|关键物品或象征物，与地狱核心相关|关键道具名称，可能具有特殊意义
Self,自我,宗教组织名称（参考前文Church of Self）
Sentries,哨兵|守卫者,可能指单位或装备名称|可能指防御单位或武器名称
Sentry,守卫装置[2]|哨兵,自动防御系统|可能指游戏中的单位或设备|自动防御系统/特定装备名称
Sentry Turrets,哨兵炮塔[4]|守卫炮塔,游戏装置名称（可能为专有名词）|武器类型|防御装置名称|可拾取/部署的防御装置|装置名称
sergeant,中士,军衔/职位
servitors,侍从,忠诚于说话者的仆人/机械生命体
Sgt. Barna,巴纳上尉,角色职位与名字
Shady Fixer,阴暗操盘手[2]|影子修理工[2]|影子修补者|影子修补匠|阴影修复者|影子中介,角色名（新出现）[2]|商人/情报贩子（出售特殊道具）|角色名称（神秘商人）|人名（神秘商人）|交易商角色，出售暗视护目镜等物品|头衔/角色名称|NPC角色名/商人
Shaping the Caves - Chapter 2: Magical Quakes,塑造洞穴 - 第二章：魔法地震,章节标题/书名（需确认是否为专有名称）
Shark Infested Waters,鲨鱼盘踞之水,危险水域名称
shattered spirit spiral,破碎的精神螺旋|破碎精神螺旋,魔法符文/图案名称（可能指某种特殊魔法符号）|魔法物品/概念名称（需结合上下文）
Shutter gate,闸门,设施名称（需结合上下文确认是否专有）
Siege Engineer,攻城工程师,职业名称（擅长攻城器械设计者）
SKULL OF JORIK THE SECOND,乔里克二世的头骨,物品名称（遗物）
Sleep Potion,睡眠药水,魔法药剂类型（游戏内物品）
slime Golems,黏液巨人,特殊生物类型（威胁象征）
Small Power Shards,小型能量碎片,增益道具（提升护甲储备）
smeltery,熔炉,地点/设施名称
Smelting Machine,熔炉机,工业设备名称（用于冶炼的机械）
Smith Hectus,铁匠赫克图斯|赫克图斯铁匠|史密斯赫克图斯,NPC角色名|工匠角色名，需铁块打造巨斧|NPC角色（提供武器制作服务）
smurf,小精灵|小矮人,游戏内特殊种族/术语（需确认是否专有名词）|角色名称（Eraanthe戏称对方为'小精灵'）
sockets,插槽,游戏内物品接口名称
Soul Key Fragments,灵魂钥匙碎片,关键道具组件
Soul Stone,灵魂石,特殊物品名称（可能指魔法道具）|特殊物品名称（魔法道具）
south-western coast,西南海岸,地理区域名称（可能为特定地点）
southern Cult fortress,南方教派要塞,地点名称（敌方据点）
Spike Gun,尖刺枪,武器名称，潜水时可信赖的装备|武器名称
Spike Guns,尖刺枪,武器装备名称（前文提及）
Spike Mags,尖刺弹夹,弹药类型（前文提及）
SPIKE MOULD MACHINE,尖刺模具机,工业设备名称（制造尖刺的机械装置）
Spikes,尖刺,游戏中的物品
Spirit Gem,灵晶[2]|灵石,关键物品/概念（魔法道具）[2]|特殊物品，用于充能 Psi Crown
Spirit Mistress,灵之女祭司[2]|精神女祭司,敌对组织头目称号|角色名（可能为特定人物称号）|敌对势力首领（精神操控者）
Stone,石族/石之力量|石之族/石系势力|石头,可能指代石族种族或某种神秘能量|普通名词（非专有）|可能指代某种种族或组织的象征性称呼
Stone key,石钥匙[2]|石之钥匙|石制钥匙,特定类型的钥匙，用于开启门锁|特殊工具，用于开启特定门锁|特殊道具名称|特殊钥匙类型
Stone's Hammer,石锤,可能指神祇或重要物品，角色台词中出现
Stonemason Guild,石匠公会,组织名称
Stoneskin,石肤,强化效果名称（魔药属性）
STORAGE,存储室,地点名称
Storm Staff,风暴法杖,武器名称
Striva,斯特里瓦,角色名字，女巫
stronghold,据点|要塞,特定地点名称|地点名称（需结合上下文确认是否专有）
succubus,女妖,恶魔类型（诱惑类魔物）
Succubus Matron,魅惑母女巫[2]|女魔头,恶魔组织头衔/职位|称号/角色（Yzbeth的别称）|职位/角色称谓（游戏内设定）
supply caravan,补给车队,任务地点/运输方式
Surface World,地表世界,游戏中的区域名称
Technical Space,技术空间,地图名称|关卡名称
Tectus the Minotaur Pyromancer,泰库斯·火魔牛巫师,角色名，种族与职业描述
temple vault,神庙地窖,地点名称（特定建筑）
The Baron,男爵,角色名/贵族头衔
The Bridge (Instrumental),桥（器乐版）,歌曲名
The Cult,邪教组织,势力名称（前文提及）
The Forgotten One,被遗忘者,角色名
The Great Stump,巨树桩,特定地点/地标
The Iron Division,铁军/铁部,组织名称（前文已出现）
The lord of the devils,魔鬼之主,头衔/角色称谓
The Seed,种子,关键物品/概念（可能指腐败起源的线索）
The Seed of Corruption,腐败之种,关键物品/概念（剧情核心）|关键物品/概念（可能涉及剧情核心）
theatre hall,剧院大厅,地点名称（特定建筑）
Thorvald,索尔瓦德|托尔瓦尔德,人名（赠予戒指的角色）|角色名
thralls,仆从,角色类型（复数形式，可能为特定术语）
Tiati,蒂亚蒂[12]|蒂亚提[8]|提亚蒂,角色名[4]|可能指代人物或势力名称（需进一步确认）[2]|可能为角色或重要人物名称（需结合上下文确认）[2]|人名[2]|可能为组织或人物名称（需确认）|角色名（与Reaver相关）|人名，对话中提及的角色|人名（提及击杀Pit Lord的英雄）|人名（角色，被提及的失败者）|角色名/实体名称|次要角色（与Zan相关）|角色名（可能为铁族战士或重要人物）|角色名/信件作者|被控制的角色，可能为重要NPC|人名（被救的角色）
Tilde,波浪号,默认快捷键
Time Shard,时间碎片,物品/机制名称|道具名称
Time Shards,时间碎片,物品名称
TOMB OF THE WINDRIDERS,风行者墓穴,地点名称（特定场景）
Torgrind,托格林德,人名（疑似酒馆或工匠相关角色）
Toxic Potions,毒药瓶,物品名称（前文提及）
tray,托盘,游戏内容器物品
trickster,骗子,角色称谓（需上下文确认）
Trinket Enchantment scrolls,魔法卷轴,物品名称（可施法的道具）
True Sight,真视,物品名称（吊坠/能力）
Udra,乌德拉,人名
Underwater installations,水下设施,技术性名词，指潜水装备相关装置
Underworld,冥界[3]|地下世界[3]|下界[2]|冥界/地下世界,奇幻世界观中的地域名称[2]|奇幻设定中的区域名|奇幻世界观中常见的超自然领域|地点名称（与地狱相关的地下世界）|歌曲名或地点名称|游戏世界中的地下领域|地点名称/奇幻世界观中的地下世界|势力/地点名称
Underworld Remix,地下世界混音版,歌曲名（Remix版本）
unholy books,不洁之书,神秘文献/魔法物品（重复出现）
unholy seals,不洁之印|不圣洁封印,魔法术语（关键道具）|魔法封印装置（重复出现）
Universal Alchemist,全能炼金术士,职业/头衔（可能指角色）
Unsung Foes (Instrumental),未被歌颂的敌人（器乐版）,歌曲名
Upper Drawbridge,上吊桥,游戏中的机关/机制名称
VALC,瓦尔克,地点名称[6]|地点名称（被cultists入侵的区域）[3]|地点/势力名称（前文提及）[2]|地点名称（被污染的城市）[2]|组织或人物名字（与Barracks相关）[2]|地名/势力名称（可能指某个区域或阵营）[2]|可能为角色名字或重要人物[2]|可能为角色名字或重要人物（已提取）[2]|地名，可能指某个地点或势力范围[2]|地名/组织名|可能的敌对势力成员/地点名称|地点名称（实验室所在地，前文提及）|地点名称（需上下文确认）|地点名称（实验室所在地）|地名（重复项，见前文）|可能的角色名/地点名（推测）|城市名称|地名/组织名称，作为lower Valc的组成部分|可能指地名或势力名称|组织或人物名字|地名/势力名称|地点名称（之前出现的实验室所在地）|可能为组织或人物名称（需确认）|地名/城市名（Alchemy Shop所在地）|地点名称（安全路线目的地）|地名/区域名|可能的敌对势力成员|地点名称（重复出现的已知地名）|入侵者/敌对势力名称（引发战争的敌人）|城市/要塞名称|地点或人物名称（被cultists袭击的地方）|地名/城邦名称（熊战士守护的据点）|地点名称（游戏中的区域/城市）|地点名称或势力名称（与信使无法抵达相关）|地点/机构名称，可能指研究基地
Valc Clinic,瓦尔克诊所,医疗设施名称
Valc Forge,瓦尔克锻造厂,地点名称，特殊设施
VALC LABORATORIES,瓦尔克实验室,科研机构名称
VALC'S BARRACKS AND BATH HOUSE,瓦尔克兵营与浴室,地点名称
VALC'S FORGE,瓦尔克锻造厂,设施名称
Valc's Grove,瓦尔克丛林,地点名称（魔法种植区）
Valc's Grove portal,瓦尔克丛林传送门,特定地点名称（连接地下遗迹的魔法通道）
VALC'S PARK,瓦尔克公园,特定地点名称（拼写疑似错误）
Valc's Plaza,瓦尔克广场,地点名称（目标区域）
Vault,地窖/保险库,关键地点
Ventilation shafts,通风井,设施结构（需结合上下文）
Vial of Healing,治疗药剂,道具名称|物品名称（消耗品）
Vials of Healing,治疗药水|治疗药剂瓶|治疗药剂,消耗品，用于恢复生命值|消耗品名称|恢复类消耗品（用于治疗伤势）
Vica,维卡,角色名
Vine key,藤蔓钥匙,用于开启特定门的道具名称[2]|特定类型的钥匙，用于开启门锁|特殊钥匙类型
Vine Keys,藤蔓钥匙,物品名称（需确认是否为专有名称）
Void,虚空,游戏中的抽象概念或危险区域[6]|奇幻世界观中的领域/概念[2]|奇幻世界观中的领域/力量
Ward,防护结界,装置或机制名称
Warding Scroll,防护卷轴,魔法防御道具
Warg,狼人[2]|狼人/魔兽[2]|狼人/战兽,生物种类/角色名[2]|特定生物类型[2]|战斗单位或生物名称
Warlocks,女巫/巫师[2]|术士|巫师,职业/角色类型（可能为专有名词）[2]|敌人类型或职业|敌人类型
Warlord Grund,格伦德男爵[2]|战团长格伦德[2]|格伦德战帅|格伦德女领主|格伦战争领主|格伦德战团长|格伦德元帅,重要角色（负责指挥和战略）[2]|角色名/贵族头衔|人名/头衔|军事领袖角色名|人名（角色）|头衔/角色名称|重要角色（前文提及）|军事统帅称号及人物名
warlord's quarters,战酋府邸,关键地点（重要人物居所）
Warlords,战团首领,军事组织/敌对势力
West gate,西门,游戏中的特定地点或建筑
Widow Frey,弗雷寡妇,人名（诗句中提及的角色）
Wiki page,维基页面,游戏内信息来源
Windriders,风行者,可能指组织/群体名称
Witch,女巫[8]|魔女[2]|巫师,角色名，魔法使用者[2]|战斗角色名字[2]|角色名字（魔法使用者）[2]|角色名[2]|头衔/角色名称|可能指特定角色或群体|角色名/魔法使用者
Witch Brewer,女巫酿造师,职业/角色名（前文提及）[2]|角色名
Witch Chieftain Adjunct Lith,女巫酋长助理利思,职位头衔+角色名
Witch Chieftain Zura,女巫首领祖拉[2]|女巫酋长祖拉[2],头衔+人名，需上下文确认|重要角色（与Breaza相关）|双重头衔角色（结合魔法与领导权）|特殊头衔+人物名称（带有封印的羊皮纸）
Witch Clinic,女巫诊所,地点名称
Witch Cosena,女巫科森娜,高阶魔法使用者角色
Witch Doctor Adena,女巫医生阿德娜,医疗角色名
"Witch, Lith","女巫利思","人名"
Witches,女巫们[2]|女巫[2],魔法群体[2]|组织/群体名称|可能指特定群体或组织
Withered Vine key,枯藤钥匙,物品名称（特殊机关的开启工具）|特殊道具/开启机制的钥匙类型|特殊物品名称，用于开启特定门锁|特定类型的钥匙，用于开启门锁
Wizard's Eye,巫师之眼,魔法物品，可能具有特殊能力或用途
WORKSHOP,工作坊,设施名称
Workshop Boss,工坊老板[6]|车间老板,NPC职位名称|角色名（新出现）|职位/角色，需提供暗铁制作枪械部件|NPC角色（需要暗铁材料）|NPC职位/角色|角色名（前文提及）|职位名称
Wounded Fixer,受伤修复者,角色名（新出现的单位）
Wounded Shieldguard,受伤盾卫兵,角色名
Yzbeth,伊兹贝丝[15]|伊兹贝斯[3]|伊兹贝思[2],人名[6]|人名，可能与剧情有关联的角色[2]|角色名称（祭司/叛徒）[2]|恶魔女伯爵/守卫者[2]|角色名/宫殿主人|重要人物/组织名称|角色名（女巫/恶魔头目）|魅惑母女巫头目（参考前文succubus matron）|可能指某个重要人物或组织|人名（对话角色）|人名（日记所属者）|势力/角色名称（囚禁者）
Yzbeth's Gardner,伊兹贝思的园丁,角色名/仆从
Zan,赞[29]|赞恩[9]|赞恩/钥匙[4],可能为角色名字或关键物品名称[4]|角色名[4]|可能为角色名字或代称[2]|人名（角色）[2]|主要角色名（重复出现）[2]|可能为角色名字或代称（重复出现）[2]|人名（被囚禁的骑士）[2]|人名/角色名|角色名，可能是同伴或重要人物|人名（可能为角色名）|角色名（Tiati的同伴/目标人物）|神秘人物，可能与剧情关键物品相关|人名（主角/关键人物）|关键人物/称呼（被赋予结束战争使命的角色）|人名（被关押的角色）|角色名，可能是同伴或重要人物（已存在）|角色名字（可能为半血统战士）|角色名（被Breaza和Zura提及的士兵）|人名（新出现）|人名（新出现角色）|主要角色名（Halfblood的称呼）|人名|玩家角色名（可能为关键人物）|角色名（被多次提及的同伴）|角色名（被Breaza提及）|角色名/开发者|主要角色（前文多次出现）|开发者/角色名|人名，对话中提及的角色|角色名/战士|角色名，可能是玩家角色或同伴
ZAN THE BONEBREAKER,赞·骨碎者,人名（日记作者）|角色名（人名+称号）|角色名（日记作者）
Zan_HedonDev,赞_享乐开发组,创作者/团队名称
Zura,祖拉,首席酋长/领导角色（与Breaza相关）[2]|角色名，可能是巫师或头衔|任务目标人物或地点|可能指人物或地名（需进一步确认）|人名（被寄生虫感染的角色）|角色名/任务目标|敌对角色/人物|角色名/生物名|被提及的敌对角色或人物|神祇/人物名称（与种子有关的神秘存在）|可能指某位角色或势力名称|角色名/神祇名（与Tiati事件相关）|人名|酋长职位的角色名
